name;id;category;url
Abbaye, L';dhs-002609;commune;https://hls-dhs-dss.ch/fr/articles/002609/2009-06-23/
Abergement, L';dhs-002525;commune;https://hls-dhs-dss.ch/fr/articles/002525/2009-06-23/
Aclens;dhs-002427;commune;https://hls-dhs-dss.ch/fr/articles/002427/2009-06-23/
Agiez;dhs-002526;commune;https://hls-dhs-dss.ch/fr/articles/002526/2009-06-25/
Aigle (commune);dhs-002276;commune;https://hls-dhs-dss.ch/fr/articles/002276/2009-06-25/
Allaman;dhs-002596;commune;https://hls-dhs-dss.ch/fr/articles/002596/2009-06-30/
Apples;dhs-002291;commune;https://hls-dhs-dss.ch/fr/articles/002291/2009-07-21/
Arnex-sur-Nyon;dhs-002493;commune;https://hls-dhs-dss.ch/fr/articles/002493/2009-08-20/
Arnex-sur-Orbe;dhs-002527;commune;https://hls-dhs-dss.ch/fr/articles/002527/2014-04-10/
Arrissoules;dhs-002622;ancienne commune;https://hls-dhs-dss.ch/fr/articles/002622/2017-01-05/
Arzier;dhs-002494;commune;https://hls-dhs-dss.ch/fr/articles/002494/2014-05-22/
Assens;dhs-002354;commune;https://hls-dhs-dss.ch/fr/articles/002354/2017-01-04/
Aubonne (commune);dhs-002292;commune;https://hls-dhs-dss.ch/fr/articles/002292/2021-07-22/
Avenches (commune);dhs-002308;commune;https://hls-dhs-dss.ch/fr/articles/002308/2017-01-04/
Ballaigues;dhs-002528;commune;https://hls-dhs-dss.ch/fr/articles/002528/2014-06-24/
Ballens;dhs-002293;commune;https://hls-dhs-dss.ch/fr/articles/002293/2009-09-08/
Bassins;dhs-002495;commune;https://hls-dhs-dss.ch/fr/articles/002495/2004-05-06/
Baulmes;dhs-002529;commune;https://hls-dhs-dss.ch/fr/articles/002529/2004-05-06/
Bavois;dhs-002530;commune;https://hls-dhs-dss.ch/fr/articles/002530/2004-11-04/
Begnins;dhs-002496;commune;https://hls-dhs-dss.ch/fr/articles/002496/2004-05-10/
Bellerive (VD);dhs-002309;ancienne commune;https://hls-dhs-dss.ch/fr/articles/002309/2017-02-08/
Belmont-sur-Lausanne;dhs-002403;commune;https://hls-dhs-dss.ch/fr/articles/002403/2004-05-10/
Belmont-sur-Yverdon;dhs-002623;commune;https://hls-dhs-dss.ch/fr/articles/002623/2004-05-10/
Bercher;dhs-002355;commune;https://hls-dhs-dss.ch/fr/articles/002355/2004-05-11/
Berolle;dhs-002294;commune;https://hls-dhs-dss.ch/fr/articles/002294/2004-09-22/
Bettens;dhs-002321;commune;https://hls-dhs-dss.ch/fr/articles/002321/2004-04-29/
Bex (commune);dhs-002277;commune;https://hls-dhs-dss.ch/fr/articles/002277/2004-09-30/
Bioley-Magnoux;dhs-002624;commune;https://hls-dhs-dss.ch/fr/articles/002624/2004-04-30/
Bioley-Orjulaz;dhs-002356;commune;https://hls-dhs-dss.ch/fr/articles/002356/2004-09-30/
Bière;dhs-002295;commune;https://hls-dhs-dss.ch/fr/articles/002295/2007-12-24/
Blonay;dhs-002612;commune;https://hls-dhs-dss.ch/fr/articles/002612/2014-07-03/
Bofflens;dhs-002531;commune;https://hls-dhs-dss.ch/fr/articles/002531/2004-05-03/
Bogis-Bossey;dhs-002497;commune;https://hls-dhs-dss.ch/fr/articles/002497/2004-05-03/
Bonvillars;dhs-002383;commune;https://hls-dhs-dss.ch/fr/articles/002383/2004-10-06/
Borex;dhs-002498;commune;https://hls-dhs-dss.ch/fr/articles/002498/2004-10-12/
Bottens;dhs-002357;commune;https://hls-dhs-dss.ch/fr/articles/002357/2004-05-04/
Bougy-Villars;dhs-002296;commune;https://hls-dhs-dss.ch/fr/articles/002296/2004-11-04/
Boulens;dhs-002461;commune;https://hls-dhs-dss.ch/fr/articles/002461/2010-04-01/
Bourg-en-Lavaux;dhs-049574;commune;https://hls-dhs-dss.ch/fr/articles/049574/2016-09-28/
Bournens;dhs-002322;commune;https://hls-dhs-dss.ch/fr/articles/002322/2002-12-18/
Boussens;dhs-002323;commune;https://hls-dhs-dss.ch/fr/articles/002323/2002-12-18/
Bremblens;dhs-002428;commune;https://hls-dhs-dss.ch/fr/articles/002428/2004-05-04/
Brenles;dhs-002462;ancienne commune;https://hls-dhs-dss.ch/fr/articles/002462/2017-01-13/
Bretigny-sur-Morrens;dhs-002358;commune;https://hls-dhs-dss.ch/fr/articles/002358/2004-10-15/
Bretonnières;dhs-002532;commune;https://hls-dhs-dss.ch/fr/articles/002532/2004-10-15/
Buchillon (VD);dhs-002429;commune;https://hls-dhs-dss.ch/fr/articles/002429/2004-10-25/
Bullet;dhs-002384;commune;https://hls-dhs-dss.ch/fr/articles/002384/2003-02-04/
Bursinel;dhs-002597;commune;https://hls-dhs-dss.ch/fr/articles/002597/2003-03-14/
Bursins;dhs-002598;commune;https://hls-dhs-dss.ch/fr/articles/002598/2004-05-05/
Burtigny;dhs-002599;commune;https://hls-dhs-dss.ch/fr/articles/002599/2004-11-03/
Bussigny-près-Lausanne;dhs-002430;commune;https://hls-dhs-dss.ch/fr/articles/002430/2011-05-05/
Bussigny-sur-Oron;dhs-002550;ancienne commune;https://hls-dhs-dss.ch/fr/articles/002550/2017-01-05/
Bussy-Chardonney;dhs-002431;commune;https://hls-dhs-dss.ch/fr/articles/002431/2003-03-14/
Bussy-sur-Moudon;dhs-002463;commune;https://hls-dhs-dss.ch/fr/articles/002463/2004-11-03/
Carrouge (VD);dhs-002551;ancienne commune;https://hls-dhs-dss.ch/fr/articles/002551/2017-01-04/
Cerniaz (VD);dhs-002573;ancienne commune;https://hls-dhs-dss.ch/fr/articles/002573/2017-01-05/
Chabrey;dhs-002310;ancienne commune;https://hls-dhs-dss.ch/fr/articles/002310/2019-04-03/
Chamblon;dhs-002625;commune;https://hls-dhs-dss.ch/fr/articles/002625/2003-11-10/
Champagne (VD);dhs-002385;commune;https://hls-dhs-dss.ch/fr/articles/002385/2005-05-24/
Champmartin;dhs-002311;ancienne commune;https://hls-dhs-dss.ch/fr/articles/002311/2017-02-06/
Champtauroz;dhs-002574;commune;https://hls-dhs-dss.ch/fr/articles/002574/2005-04-27/
Champvent (commune);dhs-002626;commune;https://hls-dhs-dss.ch/fr/articles/002626/2017-01-04/
Chanéaz;dhs-002627;ancienne commune;https://hls-dhs-dss.ch/fr/articles/002627/2017-01-11/
Chapelle-sur-Moudon;dhs-002464;ancienne commune;https://hls-dhs-dss.ch/fr/articles/002464/2017-01-04/
Chardonne;dhs-002613;commune;https://hls-dhs-dss.ch/fr/articles/002613/2014-07-22/
Chardonney-sur-Morges;dhs-003325;ancienne commune;https://hls-dhs-dss.ch/fr/articles/003325/1998-07-13/
Chaux, La (Cossonay);dhs-002324;commune;https://hls-dhs-dss.ch/fr/articles/002324/2005-05-03/
Chavannes-de-Bogis;dhs-002499;commune;https://hls-dhs-dss.ch/fr/articles/002499/2004-01-16/
Chavannes-des-Bois;dhs-002500;commune;https://hls-dhs-dss.ch/fr/articles/002500/2003-12-29/
Chavannes-le-Chêne;dhs-002628;commune;https://hls-dhs-dss.ch/fr/articles/002628/2017-05-01/
Chavannes-le-Veyron;dhs-002325;commune;https://hls-dhs-dss.ch/fr/articles/002325/2003-12-29/
Chavannes-près-Renens;dhs-002432;commune;https://hls-dhs-dss.ch/fr/articles/002432/2005-07-14/
Chavannes-sur-Moudon;dhs-002465;commune;https://hls-dhs-dss.ch/fr/articles/002465/2003-12-29/
Chavornay;dhs-002533;commune;https://hls-dhs-dss.ch/fr/articles/002533/2017-01-11/
Chenit, Le;dhs-002610;commune;https://hls-dhs-dss.ch/fr/articles/002610/2010-03-03/
Chesalles-sur-Moudon;dhs-002466;ancienne commune;https://hls-dhs-dss.ch/fr/articles/002466/2017-01-11/
Chesalles-sur-Oron;dhs-002553;ancienne commune;https://hls-dhs-dss.ch/fr/articles/002553/2017-01-05/
Cheseaux-Noréaz;dhs-002630;commune;https://hls-dhs-dss.ch/fr/articles/002630/2003-12-30/
Cheseaux-sur-Lausanne;dhs-002404;commune;https://hls-dhs-dss.ch/fr/articles/002404/2005-05-04/
Chessel;dhs-002278;commune;https://hls-dhs-dss.ch/fr/articles/002278/2004-01-27/
Chevilly;dhs-002326;commune;https://hls-dhs-dss.ch/fr/articles/002326/2005-07-14/
Chevroux;dhs-002575;commune;https://hls-dhs-dss.ch/fr/articles/002575/2019-04-03/
Chexbres;dhs-002415;commune;https://hls-dhs-dss.ch/fr/articles/002415/2005-07-14/
Chigny;dhs-002433;commune;https://hls-dhs-dss.ch/fr/articles/002433/2003-12-30/
Châtaigneraie;dhs-041243;ancienne commune;https://hls-dhs-dss.ch/fr/articles/041243/2005-07-14/
Château-d'Œx;dhs-002593;commune;https://hls-dhs-dss.ch/fr/articles/002593/2017-05-01/
Châtelard, Le (VD);dhs-003327;ancienne commune;https://hls-dhs-dss.ch/fr/articles/003327/2005-09-08/
Châtillens;dhs-002552;ancienne commune;https://hls-dhs-dss.ch/fr/articles/002552/2017-01-05/
Chéserex;dhs-002501;commune;https://hls-dhs-dss.ch/fr/articles/002501/2003-12-30/
Chêne-Pâquier;dhs-002629;commune;https://hls-dhs-dss.ch/fr/articles/002629/2005-07-14/
Clarmont;dhs-002434;commune;https://hls-dhs-dss.ch/fr/articles/002434/2003-12-22/
Clées, Les;dhs-002534;commune;https://hls-dhs-dss.ch/fr/articles/002534/2011-02-02/
Coinsins;dhs-002502;commune;https://hls-dhs-dss.ch/fr/articles/002502/2003-12-23/
Colombier (VD);dhs-002435;ancienne commune;https://hls-dhs-dss.ch/fr/articles/002435/2017-01-04/
Combremont-le-Grand;dhs-002576;ancienne commune;https://hls-dhs-dss.ch/fr/articles/002576/2017-01-12/
Combremont-le-Petit;dhs-002577;ancienne commune;https://hls-dhs-dss.ch/fr/articles/002577/2017-01-05/
Commugny;dhs-002503;commune;https://hls-dhs-dss.ch/fr/articles/002503/2005-08-09/
Concise;dhs-002386;commune;https://hls-dhs-dss.ch/fr/articles/002386/2019-04-03/
Constantine;dhs-002312;ancienne commune;https://hls-dhs-dss.ch/fr/articles/002312/2017-01-12/
Coppet;dhs-002504;commune;https://hls-dhs-dss.ch/fr/articles/002504/2004-03-02/
Corbeyrier;dhs-002279;commune;https://hls-dhs-dss.ch/fr/articles/002279/2004-03-02/
Corcelles-le-Jorat;dhs-002554;commune;https://hls-dhs-dss.ch/fr/articles/002554/2020-02-14/
Corcelles-près-Concise;dhs-002387;commune;https://hls-dhs-dss.ch/fr/articles/002387/2019-04-03/
Corcelles-près-Payerne;dhs-002578;commune;https://hls-dhs-dss.ch/fr/articles/002578/2004-03-02/
Corcelles-sur-Chavornay;dhs-002535;ancienne commune;https://hls-dhs-dss.ch/fr/articles/002535/2017-01-11/
Correvon;dhs-002467;ancienne commune;https://hls-dhs-dss.ch/fr/articles/002467/2017-01-04/
Corseaux;dhs-002614;commune;https://hls-dhs-dss.ch/fr/articles/002614/2005-08-11/
Corsier-sur-Vevey;dhs-002615;commune;https://hls-dhs-dss.ch/fr/articles/002615/2010-09-23/
Cossonay (commune);dhs-002327;commune;https://hls-dhs-dss.ch/fr/articles/002327/2018-02-05/
Cottens (VD);dhs-002328;commune;https://hls-dhs-dss.ch/fr/articles/002328/2004-03-03/
Crans-près-Céligny;dhs-002505;commune;https://hls-dhs-dss.ch/fr/articles/002505/2004-03-16/
Crassier;dhs-002506;commune;https://hls-dhs-dss.ch/fr/articles/002506/2005-08-17/
Cremin;dhs-002468;ancienne commune;https://hls-dhs-dss.ch/fr/articles/002468/2017-01-11/
Crissier;dhs-002405;commune;https://hls-dhs-dss.ch/fr/articles/002405/2005-08-17/
Cronay;dhs-002631;commune;https://hls-dhs-dss.ch/fr/articles/002631/2011-01-27/
Croy;dhs-002536;commune;https://hls-dhs-dss.ch/fr/articles/002536/2005-08-17/
Cuarnens;dhs-002329;commune;https://hls-dhs-dss.ch/fr/articles/002329/2005-08-17/
Cuarny;dhs-002632;commune;https://hls-dhs-dss.ch/fr/articles/002632/2010-04-01/
Cudrefin;dhs-002313;commune;https://hls-dhs-dss.ch/fr/articles/002313/2017-01-04/
Cugy (VD);dhs-002359;commune;https://hls-dhs-dss.ch/fr/articles/002359/2005-09-08/
Cullayes, Les;dhs-002555;ancienne commune;https://hls-dhs-dss.ch/fr/articles/002555/2017-01-05/
Cully;dhs-002416;ancienne commune;https://hls-dhs-dss.ch/fr/articles/002416/2017-05-04/
Curtilles;dhs-002469;commune;https://hls-dhs-dss.ch/fr/articles/002469/2005-08-17/
Daillens;dhs-002330;commune;https://hls-dhs-dss.ch/fr/articles/002330/2016-01-06/
Denens;dhs-002436;commune;https://hls-dhs-dss.ch/fr/articles/002436/2005-08-22/
Denezy;dhs-002470;ancienne commune;https://hls-dhs-dss.ch/fr/articles/002470/2017-01-04/
Denges;dhs-002437;commune;https://hls-dhs-dss.ch/fr/articles/002437/2005-08-22/
Dizy;dhs-002331;commune;https://hls-dhs-dss.ch/fr/articles/002331/2006-01-24/
Dommartin;dhs-002360;ancienne commune;https://hls-dhs-dss.ch/fr/articles/002360/2017-01-04/
Dompierre (VD);dhs-002471;commune;https://hls-dhs-dss.ch/fr/articles/002471/2004-04-14/
Donatyre;dhs-002314;ancienne commune;https://hls-dhs-dss.ch/fr/articles/002314/2017-01-04/
Donneloye;dhs-002634;commune;https://hls-dhs-dss.ch/fr/articles/002634/2017-01-04/
Duillier;dhs-002507;commune;https://hls-dhs-dss.ch/fr/articles/002507/2004-07-27/
Dully;dhs-002600;commune;https://hls-dhs-dss.ch/fr/articles/002600/2006-02-21/
Démoret;dhs-002633;commune;https://hls-dhs-dss.ch/fr/articles/002633/2004-03-24/
Echallens (commune);dhs-002361;commune;https://hls-dhs-dss.ch/fr/articles/002361/2006-02-28/
Echandens;dhs-002438;commune;https://hls-dhs-dss.ch/fr/articles/002438/2004-07-28/
Echichens;dhs-002439;commune;https://hls-dhs-dss.ch/fr/articles/002439/2017-01-04/
Eclagnens;dhs-002362;ancienne commune;https://hls-dhs-dss.ch/fr/articles/002362/2017-02-06/
Eclépens;dhs-002332;commune;https://hls-dhs-dss.ch/fr/articles/002332/2004-07-28/
Ecoteaux;dhs-002556;ancienne commune;https://hls-dhs-dss.ch/fr/articles/002556/2017-01-05/
Ecublens (VD);dhs-002440;commune;https://hls-dhs-dss.ch/fr/articles/002440/2014-08-07/
Envy;dhs-003326;ancienne commune;https://hls-dhs-dss.ch/fr/articles/003326/2004-11-01/
Epalinges;dhs-002406;commune;https://hls-dhs-dss.ch/fr/articles/002406/2004-09-02/
Ependes (VD);dhs-002635;commune;https://hls-dhs-dss.ch/fr/articles/002635/2006-03-14/
Epesses;dhs-002417;ancienne commune;https://hls-dhs-dss.ch/fr/articles/002417/2017-02-02/
Essert-Pittet;dhs-002636;ancienne commune;https://hls-dhs-dss.ch/fr/articles/002636/2017-01-11/
Essert-sous-Champvent;dhs-002637;ancienne commune;https://hls-dhs-dss.ch/fr/articles/002637/2017-01-04/
Essertes;dhs-002557;commune;https://hls-dhs-dss.ch/fr/articles/002557/2003-01-08/
Essertines-sur-Rolle;dhs-002601;commune;https://hls-dhs-dss.ch/fr/articles/002601/2004-11-09/
Essertines-sur-Yverdon;dhs-002363;commune;https://hls-dhs-dss.ch/fr/articles/002363/2004-08-23/
Etagnières;dhs-002364;commune;https://hls-dhs-dss.ch/fr/articles/002364/2004-11-09/
Etoy;dhs-002441;commune;https://hls-dhs-dss.ch/fr/articles/002441/2014-04-03/
Eysins;dhs-002508;commune;https://hls-dhs-dss.ch/fr/articles/002508/2004-11-17/
Faoug;dhs-002315;commune;https://hls-dhs-dss.ch/fr/articles/002315/2004-11-17/
Ferlens (VD);dhs-002558;ancienne commune;https://hls-dhs-dss.ch/fr/articles/002558/2017-01-04/
Ferreyres;dhs-002333;commune;https://hls-dhs-dss.ch/fr/articles/002333/2006-04-10/
Fey;dhs-002365;commune;https://hls-dhs-dss.ch/fr/articles/002365/2006-04-10/
Fiez;dhs-002388;commune;https://hls-dhs-dss.ch/fr/articles/002388/2005-01-20/
Fontaines-sur-Grandson;dhs-002389;commune;https://hls-dhs-dss.ch/fr/articles/002389/2007-05-03/
Fontanezier;dhs-002390;ancienne commune;https://hls-dhs-dss.ch/fr/articles/002390/2017-01-05/
Forel (Lavaux);dhs-002418;commune;https://hls-dhs-dss.ch/fr/articles/002418/2003-05-19/
Forel-sur-Lucens;dhs-002472;ancienne commune;https://hls-dhs-dss.ch/fr/articles/002472/2017-01-11/
Founex;dhs-002509;commune;https://hls-dhs-dss.ch/fr/articles/002509/2007-05-01/
Froideville;dhs-002366;commune;https://hls-dhs-dss.ch/fr/articles/002366/2003-05-19/
Féchy;dhs-002297;commune;https://hls-dhs-dss.ch/fr/articles/002297/2005-01-11/
Genolier;dhs-002510;commune;https://hls-dhs-dss.ch/fr/articles/002510/2007-07-11/
Giez;dhs-002391;commune;https://hls-dhs-dss.ch/fr/articles/002391/2004-06-28/
Gilly;dhs-002602;commune;https://hls-dhs-dss.ch/fr/articles/002602/2005-11-18/
Gimel;dhs-002298;commune;https://hls-dhs-dss.ch/fr/articles/002298/2011-08-03/
Gingins;dhs-002511;commune;https://hls-dhs-dss.ch/fr/articles/002511/2005-11-18/
Givrins;dhs-002512;commune;https://hls-dhs-dss.ch/fr/articles/002512/2005-10-14/
Gland;dhs-002513;commune;https://hls-dhs-dss.ch/fr/articles/002513/2005-11-21/
Gollion;dhs-002334;commune;https://hls-dhs-dss.ch/fr/articles/002334/2007-04-05/
Gossens;dhs-002638;ancienne commune;https://hls-dhs-dss.ch/fr/articles/002638/2017-01-06/
Goumoens-la-Ville;dhs-002367;ancienne commune;https://hls-dhs-dss.ch/fr/articles/002367/2017-02-06/
Goumoens-le-Jux;dhs-002368;ancienne commune;https://hls-dhs-dss.ch/fr/articles/002368/2017-02-06/
Goumoëns (commune);dhs-049645;commune;https://hls-dhs-dss.ch/fr/articles/049645/2016-09-28/
Grancy;dhs-002335;commune;https://hls-dhs-dss.ch/fr/articles/002335/2005-06-15/
Grandcour;dhs-002579;commune;https://hls-dhs-dss.ch/fr/articles/002579/2007-07-17/
Grandevent;dhs-002392;commune;https://hls-dhs-dss.ch/fr/articles/002392/2006-01-10/
Grandson (commune);dhs-002393;commune;https://hls-dhs-dss.ch/fr/articles/002393/2019-04-03/
Grandvaux;dhs-002419;ancienne commune;https://hls-dhs-dss.ch/fr/articles/002419/2017-01-04/
Granges-près-Marnand;dhs-002580;ancienne commune;https://hls-dhs-dss.ch/fr/articles/002580/2017-01-05/
Grens;dhs-002514;commune;https://hls-dhs-dss.ch/fr/articles/002514/2006-01-24/
Gressy;dhs-002639;ancienne commune;https://hls-dhs-dss.ch/fr/articles/002639/2017-01-05/
Gryon;dhs-002280;commune;https://hls-dhs-dss.ch/fr/articles/002280/2008-03-11/
Henniez;dhs-002581;commune;https://hls-dhs-dss.ch/fr/articles/002581/2010-12-16/
Hermenches;dhs-002473;commune;https://hls-dhs-dss.ch/fr/articles/002473/2011-03-31/
Isle, L';dhs-002336;commune;https://hls-dhs-dss.ch/fr/articles/002336/2007-02-05/
Jongny;dhs-002616;commune;https://hls-dhs-dss.ch/fr/articles/002616/2009-02-17/
Jorat-Menthue;dhs-049662;commune;https://hls-dhs-dss.ch/fr/articles/049662/2016-09-28/
Jorat-Mézières;dhs-050190;commune;https://hls-dhs-dss.ch/fr/articles/050190/2016-09-28/
Jouxtens-Mézery;dhs-002407;commune;https://hls-dhs-dss.ch/fr/articles/002407/2007-05-08/
Juriens;dhs-002537;commune;https://hls-dhs-dss.ch/fr/articles/002537/2009-02-19/
Lausanne (commune);dhs-002408;commune;https://hls-dhs-dss.ch/fr/articles/002408/2009-04-02/
Lavey-Morcles;dhs-045882;commune;https://hls-dhs-dss.ch/fr/articles/045882/2009-03-18/
Lavigny;dhs-002442;commune;https://hls-dhs-dss.ch/fr/articles/002442/2006-05-15/
Leysin;dhs-002282;commune;https://hls-dhs-dss.ch/fr/articles/002282/2007-07-30/
Lieu, Le;dhs-002611;commune;https://hls-dhs-dss.ch/fr/articles/002611/2009-03-24/
Lignerolle;dhs-002538;commune;https://hls-dhs-dss.ch/fr/articles/002538/2009-03-24/
Lonay;dhs-002443;commune;https://hls-dhs-dss.ch/fr/articles/002443/2009-03-26/
Longirod;dhs-002299;commune;https://hls-dhs-dss.ch/fr/articles/002299/2008-02-06/
Lovatens;dhs-002474;commune;https://hls-dhs-dss.ch/fr/articles/002474/2008-02-07/
Lucens;dhs-002475;commune;https://hls-dhs-dss.ch/fr/articles/002475/2017-02-06/
Luins;dhs-002603;commune;https://hls-dhs-dss.ch/fr/articles/002603/2010-02-16/
Lully (VD);dhs-002444;commune;https://hls-dhs-dss.ch/fr/articles/002444/2008-07-23/
Lussery;dhs-002337;ancienne commune;https://hls-dhs-dss.ch/fr/articles/002337/2009-12-01/
Lussery-Villars;dhs-045870;commune;https://hls-dhs-dss.ch/fr/articles/045870/2010-12-16/
Lussy-sur-Morges;dhs-002445;commune;https://hls-dhs-dss.ch/fr/articles/002445/2006-05-15/
Lutry;dhs-002420;commune;https://hls-dhs-dss.ch/fr/articles/002420/2010-02-16/
Malapalud;dhs-002369;ancienne commune;https://hls-dhs-dss.ch/fr/articles/002369/2017-01-04/
Maracon;dhs-002559;commune;https://hls-dhs-dss.ch/fr/articles/002559/2008-09-01/
Marchissy;dhs-002300;commune;https://hls-dhs-dss.ch/fr/articles/002300/2008-09-01/
Marnand;dhs-002582;ancienne commune;https://hls-dhs-dss.ch/fr/articles/002582/2017-01-05/
Martherenges;dhs-002476;ancienne commune;https://hls-dhs-dss.ch/fr/articles/002476/2017-01-04/
Mathod;dhs-002640;commune;https://hls-dhs-dss.ch/fr/articles/002640/2007-10-09/
Mauborget;dhs-002394;commune;https://hls-dhs-dss.ch/fr/articles/002394/2009-12-17/
Mauraz;dhs-002338;commune;https://hls-dhs-dss.ch/fr/articles/002338/2008-08-28/
Mex (VD);dhs-002339;commune;https://hls-dhs-dss.ch/fr/articles/002339/2010-01-12/
Mies;dhs-002515;commune;https://hls-dhs-dss.ch/fr/articles/002515/2010-01-14/
Missy;dhs-002583;commune;https://hls-dhs-dss.ch/fr/articles/002583/2010-01-19/
Moiry;dhs-002340;commune;https://hls-dhs-dss.ch/fr/articles/002340/2010-01-19/
Mollens (VD);dhs-002301;commune;https://hls-dhs-dss.ch/fr/articles/002301/2008-09-09/
Molondin;dhs-002642;commune;https://hls-dhs-dss.ch/fr/articles/002642/2008-11-26/
Monnaz;dhs-002446;ancienne commune;https://hls-dhs-dss.ch/fr/articles/002446/2017-01-04/
Mont-la-Ville;dhs-002341;commune;https://hls-dhs-dss.ch/fr/articles/002341/2008-12-02/
Mont-sur-Lausanne, Le;dhs-002409;commune;https://hls-dhs-dss.ch/fr/articles/002409/2008-12-02/
Mont-sur-Rolle;dhs-002604;commune;https://hls-dhs-dss.ch/fr/articles/002604/2008-12-02/
Montagny-près-Yverdon;dhs-002643;commune;https://hls-dhs-dss.ch/fr/articles/002643/2008-05-21/
Montanaire;dhs-049908;commune;https://hls-dhs-dss.ch/fr/articles/049908/2016-09-28/
Montaubion-Chardonney;dhs-002477;ancienne commune;https://hls-dhs-dss.ch/fr/articles/002477/2017-01-04/
Montcherand;dhs-002539;commune;https://hls-dhs-dss.ch/fr/articles/002539/2010-01-21/
Montherod;dhs-002302;ancienne commune;https://hls-dhs-dss.ch/fr/articles/002302/2021-07-22/
Montilliez;dhs-049644;commune;https://hls-dhs-dss.ch/fr/articles/049644/2016-09-28/
Montmagny;dhs-002316;ancienne commune;https://hls-dhs-dss.ch/fr/articles/002316/2017-01-06/
Montpreveyres;dhs-002561;commune;https://hls-dhs-dss.ch/fr/articles/002561/2008-12-02/
Montreux;dhs-002617;commune;https://hls-dhs-dss.ch/fr/articles/002617/2017-06-15/
Montricher;dhs-002342;commune;https://hls-dhs-dss.ch/fr/articles/002342/2020-05-29/
Morcles;dhs-003328;ancienne commune;https://hls-dhs-dss.ch/fr/articles/003328/2010-01-26/
Morges (commune);dhs-002447;commune;https://hls-dhs-dss.ch/fr/articles/002447/2019-04-03/
Morrens (VD);dhs-002370;commune;https://hls-dhs-dss.ch/fr/articles/002370/2009-01-13/
Moudon (commune);dhs-002478;commune;https://hls-dhs-dss.ch/fr/articles/002478/2020-07-16/
Mur (VD);dhs-002317;ancienne commune;https://hls-dhs-dss.ch/fr/articles/002317/2019-04-08/
Mutrux;dhs-002395;commune;https://hls-dhs-dss.ch/fr/articles/002395/2009-06-23/
Mézery-près-Donneloye;dhs-002641;ancienne commune;https://hls-dhs-dss.ch/fr/articles/002641/2017-01-04/
Mézières (VD);dhs-002560;ancienne commune;https://hls-dhs-dss.ch/fr/articles/002560/2017-01-04/
Naz;dhs-002371;ancienne commune;https://hls-dhs-dss.ch/fr/articles/002371/2017-01-04/
Neyruz-sur-Moudon;dhs-002479;ancienne commune;https://hls-dhs-dss.ch/fr/articles/002479/2017-01-04/
Novalles;dhs-002396;commune;https://hls-dhs-dss.ch/fr/articles/002396/2009-08-18/
Noville;dhs-002283;commune;https://hls-dhs-dss.ch/fr/articles/002283/2014-12-18/
Nyon (commune);dhs-002516;commune;https://hls-dhs-dss.ch/fr/articles/002516/2011-11-09/
Ogens;dhs-002480;commune;https://hls-dhs-dss.ch/fr/articles/002480/2010-11-23/
Oleyres;dhs-002318;ancienne commune;https://hls-dhs-dss.ch/fr/articles/002318/2017-01-04/
Ollon;dhs-002284;commune;https://hls-dhs-dss.ch/fr/articles/002284/2010-11-30/
Onnens (VD);dhs-002397;commune;https://hls-dhs-dss.ch/fr/articles/002397/2009-10-28/
Oppens;dhs-002644;commune;https://hls-dhs-dss.ch/fr/articles/002644/2010-12-02/
Orbe (commune);dhs-002540;commune;https://hls-dhs-dss.ch/fr/articles/002540/2020-05-29/
Orges;dhs-002645;commune;https://hls-dhs-dss.ch/fr/articles/002645/2008-09-16/
Ormont-Dessous;dhs-002285;commune;https://hls-dhs-dss.ch/fr/articles/002285/2009-11-02/
Ormont-Dessus;dhs-002286;commune;https://hls-dhs-dss.ch/fr/articles/002286/2010-12-07/
Orny;dhs-002343;commune;https://hls-dhs-dss.ch/fr/articles/002343/2009-08-13/
Oron (commune);dhs-050191;commune;https://hls-dhs-dss.ch/fr/articles/050191/2016-09-28/
Oron-la-Ville;dhs-002562;ancienne commune;https://hls-dhs-dss.ch/fr/articles/002562/2017-01-05/
Oron-le-Châtel;dhs-002563;ancienne commune;https://hls-dhs-dss.ch/fr/articles/002563/2017-01-05/
Orzens;dhs-002646;commune;https://hls-dhs-dss.ch/fr/articles/002646/2009-11-03/
Oulens-sous-Echallens;dhs-002372;commune;https://hls-dhs-dss.ch/fr/articles/002372/2009-11-17/
Oulens-sur-Lucens;dhs-002481;ancienne commune;https://hls-dhs-dss.ch/fr/articles/002481/2017-01-04/
Pailly;dhs-002373;commune;https://hls-dhs-dss.ch/fr/articles/002373/2009-11-18/
Palézieux;dhs-002564;ancienne commune;https://hls-dhs-dss.ch/fr/articles/002564/2017-01-05/
Pampigny;dhs-002344;commune;https://hls-dhs-dss.ch/fr/articles/002344/2009-11-19/
Paudex;dhs-002410;commune;https://hls-dhs-dss.ch/fr/articles/002410/2011-01-04/
Payerne (commune);dhs-002584;commune;https://hls-dhs-dss.ch/fr/articles/002584/2011-01-04/
Peney-le-Jorat;dhs-002565;ancienne commune;https://hls-dhs-dss.ch/fr/articles/002565/2017-01-04/
Penthalaz;dhs-002345;commune;https://hls-dhs-dss.ch/fr/articles/002345/2011-01-06/
Penthaz;dhs-002346;commune;https://hls-dhs-dss.ch/fr/articles/002346/2011-01-06/
Penthéréaz;dhs-002374;commune;https://hls-dhs-dss.ch/fr/articles/002374/2011-01-06/
Perroy;dhs-002605;commune;https://hls-dhs-dss.ch/fr/articles/002605/2011-01-11/
Peyres-Possens;dhs-002482;ancienne commune;https://hls-dhs-dss.ch/fr/articles/002482/2017-01-04/
Pizy;dhs-002303;ancienne commune;https://hls-dhs-dss.ch/fr/articles/002303/2017-01-04/
Planches, Les;dhs-007564;ancienne commune;https://hls-dhs-dss.ch/fr/articles/007564/2010-02-11/
Poliez-Pittet;dhs-002376;commune;https://hls-dhs-dss.ch/fr/articles/002376/2010-02-16/
Poliez-le-Grand;dhs-002375;ancienne commune;https://hls-dhs-dss.ch/fr/articles/002375/2017-01-04/
Pompaples;dhs-002347;commune;https://hls-dhs-dss.ch/fr/articles/002347/2012-03-30/
Pomy;dhs-002647;commune;https://hls-dhs-dss.ch/fr/articles/002647/2012-03-30/
Prahins;dhs-002648;ancienne commune;https://hls-dhs-dss.ch/fr/articles/002648/2017-01-04/
Prangins;dhs-002517;commune;https://hls-dhs-dss.ch/fr/articles/002517/2010-07-06/
Praz, La;dhs-002541;commune;https://hls-dhs-dss.ch/fr/articles/002541/2013-03-14/
Premier;dhs-002542;commune;https://hls-dhs-dss.ch/fr/articles/002542/2010-01-04/
Prilly;dhs-002411;commune;https://hls-dhs-dss.ch/fr/articles/002411/2012-04-12/
Provence;dhs-002398;commune;https://hls-dhs-dss.ch/fr/articles/002398/2010-01-12/
Préverenges;dhs-002448;commune;https://hls-dhs-dss.ch/fr/articles/002448/2010-02-17/
Prévonloup;dhs-002483;commune;https://hls-dhs-dss.ch/fr/articles/002483/2012-04-12/
Puidoux;dhs-002421;commune;https://hls-dhs-dss.ch/fr/articles/002421/2012-04-12/
Pully;dhs-002412;commune;https://hls-dhs-dss.ch/fr/articles/002412/2012-06-01/
Rances;dhs-002543;commune;https://hls-dhs-dss.ch/fr/articles/002543/2010-08-03/
Renens (VD);dhs-002413;commune;https://hls-dhs-dss.ch/fr/articles/002413/2012-05-09/
Rennaz;dhs-002287;commune;https://hls-dhs-dss.ch/fr/articles/002287/2010-08-25/
Reverolle;dhs-002449;commune;https://hls-dhs-dss.ch/fr/articles/002449/2009-12-10/
Riex;dhs-002422;ancienne commune;https://hls-dhs-dss.ch/fr/articles/002422/2017-01-04/
Rippe, La;dhs-002518;commune;https://hls-dhs-dss.ch/fr/articles/002518/2010-11-11/
Rivaz;dhs-002423;commune;https://hls-dhs-dss.ch/fr/articles/002423/2013-09-24/
Roche (VD);dhs-002288;commune;https://hls-dhs-dss.ch/fr/articles/002288/2010-09-21/
Rogivue, La;dhs-002566;ancienne commune;https://hls-dhs-dss.ch/fr/articles/002566/2010-02-15/
Rolle (commune);dhs-002606;commune;https://hls-dhs-dss.ch/fr/articles/002606/2013-01-14/
Romainmôtier (village);dhs-002544;ancienne commune;https://hls-dhs-dss.ch/fr/articles/002544/2012-05-23/
Romainmôtier-Envy;dhs-045877;commune;https://hls-dhs-dss.ch/fr/articles/045877/2010-01-04/
Romairon;dhs-002399;ancienne commune;https://hls-dhs-dss.ch/fr/articles/002399/2017-01-05/
Romanel-sur-Lausanne;dhs-002414;commune;https://hls-dhs-dss.ch/fr/articles/002414/2010-11-11/
Romanel-sur-Morges;dhs-002450;commune;https://hls-dhs-dss.ch/fr/articles/002450/2012-05-23/
Ropraz;dhs-002567;commune;https://hls-dhs-dss.ch/fr/articles/002567/2010-11-15/
Rossenges;dhs-002484;commune;https://hls-dhs-dss.ch/fr/articles/002484/2009-10-06/
Rossens (VD);dhs-002585;ancienne commune;https://hls-dhs-dss.ch/fr/articles/002585/2017-01-05/
Rossinière;dhs-002594;commune;https://hls-dhs-dss.ch/fr/articles/002594/2010-11-16/
Rougemont (commune);dhs-002595;commune;https://hls-dhs-dss.ch/fr/articles/002595/2012-05-25/
Rovray;dhs-002649;commune;https://hls-dhs-dss.ch/fr/articles/002649/2017-01-05/
Rueyres;dhs-002377;commune;https://hls-dhs-dss.ch/fr/articles/002377/2010-11-23/
Saint-Barthélemy (VD);dhs-002378;commune;https://hls-dhs-dss.ch/fr/articles/002378/2011-02-08/
Saint-Cergue;dhs-002519;commune;https://hls-dhs-dss.ch/fr/articles/002519/2009-12-09/
Saint-Cierges;dhs-002485;ancienne commune;https://hls-dhs-dss.ch/fr/articles/002485/2017-01-04/
Saint-George;dhs-002304;commune;https://hls-dhs-dss.ch/fr/articles/002304/2012-06-01/
Saint-Livres;dhs-002305;commune;https://hls-dhs-dss.ch/fr/articles/002305/2011-02-08/
Saint-Légier-La Chiésaz;dhs-002618;commune;https://hls-dhs-dss.ch/fr/articles/002618/2012-06-01/
Saint-Oyens;dhs-002306;commune;https://hls-dhs-dss.ch/fr/articles/002306/2011-02-09/
Saint-Prex;dhs-002451;commune;https://hls-dhs-dss.ch/fr/articles/002451/2021-01-19/
Saint-Saphorin (Lavaux);dhs-002424;commune;https://hls-dhs-dss.ch/fr/articles/002424/2011-02-09/
Saint-Saphorin-sur-Morges;dhs-002452;ancienne commune;https://hls-dhs-dss.ch/fr/articles/002452/2017-01-04/
Saint-Sulpice (VD);dhs-002453;commune;https://hls-dhs-dss.ch/fr/articles/002453/2012-06-01/
Sainte-Croix (commune);dhs-002400;commune;https://hls-dhs-dss.ch/fr/articles/002400/2011-02-08/
Sarraz, La (commune);dhs-002348;commune;https://hls-dhs-dss.ch/fr/articles/002348/2010-03-16/
Sarzens;dhs-002486;ancienne commune;https://hls-dhs-dss.ch/fr/articles/002486/2017-01-11/
Sassel;dhs-002586;ancienne commune;https://hls-dhs-dss.ch/fr/articles/002586/2017-01-05/
Saubraz;dhs-002307;commune;https://hls-dhs-dss.ch/fr/articles/002307/2009-12-30/
Savigny;dhs-002425;commune;https://hls-dhs-dss.ch/fr/articles/002425/2009-11-17/
Seigneux;dhs-002588;ancienne commune;https://hls-dhs-dss.ch/fr/articles/002588/2017-01-05/
Senarclens;dhs-002349;commune;https://hls-dhs-dss.ch/fr/articles/002349/2010-12-06/
Sergey;dhs-002545;commune;https://hls-dhs-dss.ch/fr/articles/002545/2013-04-25/
Serraux;dhs-041242;ancienne commune;https://hls-dhs-dss.ch/fr/articles/041242/2014-10-02/
Servion;dhs-002568;commune;https://hls-dhs-dss.ch/fr/articles/002568/2017-01-05/
Signy-Avenex;dhs-002520;commune;https://hls-dhs-dss.ch/fr/articles/002520/2010-06-15/
Sottens;dhs-002487;ancienne commune;https://hls-dhs-dss.ch/fr/articles/002487/2017-01-04/
Suchy;dhs-002650;commune;https://hls-dhs-dss.ch/fr/articles/002650/2012-07-25/
Sugnens;dhs-002379;ancienne commune;https://hls-dhs-dss.ch/fr/articles/002379/2017-01-04/
Sullens;dhs-002351;commune;https://hls-dhs-dss.ch/fr/articles/002351/2011-12-08/
Suscévaz;dhs-002651;commune;https://hls-dhs-dss.ch/fr/articles/002651/2011-05-02/
Syens;dhs-002488;commune;https://hls-dhs-dss.ch/fr/articles/002488/2011-04-29/
Sédeilles;dhs-002587;ancienne commune;https://hls-dhs-dss.ch/fr/articles/002587/2017-01-05/
Sévery;dhs-002350;commune;https://hls-dhs-dss.ch/fr/articles/002350/2010-12-06/
Tannay;dhs-002521;commune;https://hls-dhs-dss.ch/fr/articles/002521/2011-07-04/
Tartegnin;dhs-002607;commune;https://hls-dhs-dss.ch/fr/articles/002607/2011-07-04/
Tavernes, Les;dhs-002569;ancienne commune;https://hls-dhs-dss.ch/fr/articles/002569/2017-01-05/
Thierrens;dhs-002489;ancienne commune;https://hls-dhs-dss.ch/fr/articles/002489/2017-01-04/
Thioleyres, Les;dhs-002570;ancienne commune;https://hls-dhs-dss.ch/fr/articles/002570/2017-01-05/
Tolochenaz;dhs-002454;commune;https://hls-dhs-dss.ch/fr/articles/002454/2014-02-25/
Tour-de-Peilz, La;dhs-002619;commune;https://hls-dhs-dss.ch/fr/articles/002619/2014-02-25/
Trey;dhs-002589;commune;https://hls-dhs-dss.ch/fr/articles/002589/2011-07-04/
Treycovagnes;dhs-002652;commune;https://hls-dhs-dss.ch/fr/articles/002652/2014-02-25/
Treytorrens (Payerne);dhs-002590;commune;https://hls-dhs-dss.ch/fr/articles/002590/2011-09-15/
Trélex;dhs-002522;commune;https://hls-dhs-dss.ch/fr/articles/002522/2012-11-05/
Tévenon;dhs-049573;commune;https://hls-dhs-dss.ch/fr/articles/049573/2011-08-10/
Ursins;dhs-002653;commune;https://hls-dhs-dss.ch/fr/articles/002653/2013-02-22/
Valbroye;dhs-049661;commune;https://hls-dhs-dss.ch/fr/articles/049661/2017-01-05/
Valeyres-sous-Montagny;dhs-002654;commune;https://hls-dhs-dss.ch/fr/articles/002654/2014-03-05/
Valeyres-sous-Rances;dhs-002546;commune;https://hls-dhs-dss.ch/fr/articles/002546/2012-10-22/
Valeyres-sous-Ursins;dhs-002655;commune;https://hls-dhs-dss.ch/fr/articles/002655/2012-05-23/
Vallamand;dhs-002319;ancienne commune;https://hls-dhs-dss.ch/fr/articles/002319/2017-02-08/
Vallorbe;dhs-002547;commune;https://hls-dhs-dss.ch/fr/articles/002547/2014-12-27/
Vaud, Le;dhs-002523;commune;https://hls-dhs-dss.ch/fr/articles/002523/2013-02-22/
Vaugondry;dhs-002401;ancienne commune;https://hls-dhs-dss.ch/fr/articles/002401/2017-01-05/
Vaulion;dhs-002548;commune;https://hls-dhs-dss.ch/fr/articles/002548/2015-02-03/
Vaux-sur-Morges;dhs-002455;commune;https://hls-dhs-dss.ch/fr/articles/002455/2011-12-08/
Vernay, Le;dhs-028824;ancienne commune;https://hls-dhs-dss.ch/fr/articles/028824/2013-02-28/
Vevey (commune);dhs-002620;commune;https://hls-dhs-dss.ch/fr/articles/002620/2015-01-03/
Veytaux;dhs-002621;commune;https://hls-dhs-dss.ch/fr/articles/002621/2013-03-04/
Vich;dhs-002524;commune;https://hls-dhs-dss.ch/fr/articles/002524/2015-01-03/
Villars-Bramard;dhs-002591;ancienne commune;https://hls-dhs-dss.ch/fr/articles/002591/2017-01-05/
Villars-Burquin;dhs-002402;ancienne commune;https://hls-dhs-dss.ch/fr/articles/002402/2017-01-05/
Villars-Epeney;dhs-002656;commune;https://hls-dhs-dss.ch/fr/articles/002656/2011-08-31/
Villars-Lussery;dhs-002352;ancienne commune;https://hls-dhs-dss.ch/fr/articles/002352/2013-03-07/
Villars-Mendraz;dhs-002491;ancienne commune;https://hls-dhs-dss.ch/fr/articles/002491/2017-01-04/
Villars-Sainte-Croix;dhs-002456;commune;https://hls-dhs-dss.ch/fr/articles/002456/2013-03-07/
Villars-Tiercelin;dhs-002381;ancienne commune;https://hls-dhs-dss.ch/fr/articles/002381/2017-01-04/
Villars-le-Comte;dhs-002490;commune;https://hls-dhs-dss.ch/fr/articles/002490/2013-06-06/
Villars-le-Grand;dhs-002320;ancienne commune;https://hls-dhs-dss.ch/fr/articles/002320/2017-01-06/
Villars-le-Terroir;dhs-002380;commune;https://hls-dhs-dss.ch/fr/articles/002380/2013-07-09/
Villars-sous-Champvent;dhs-002657;ancienne commune;https://hls-dhs-dss.ch/fr/articles/002657/2017-01-04/
Villars-sous-Yens;dhs-002457;commune;https://hls-dhs-dss.ch/fr/articles/002457/2013-07-09/
Villarzel;dhs-002592;commune;https://hls-dhs-dss.ch/fr/articles/002592/2017-05-11/
Villeneuve (VD);dhs-002289;commune;https://hls-dhs-dss.ch/fr/articles/002289/2017-11-23/
Villette (Lavaux);dhs-002426;ancienne commune;https://hls-dhs-dss.ch/fr/articles/002426/2017-01-06/
Vinzel;dhs-002608;commune;https://hls-dhs-dss.ch/fr/articles/002608/2015-01-03/
Vuarrens;dhs-002382;commune;https://hls-dhs-dss.ch/fr/articles/002382/2013-03-14/
Vucherens;dhs-002492;commune;https://hls-dhs-dss.ch/fr/articles/002492/2012-06-26/
Vufflens-la-Ville;dhs-002353;commune;https://hls-dhs-dss.ch/fr/articles/002353/2015-01-05/
Vufflens-le-Château;dhs-002458;commune;https://hls-dhs-dss.ch/fr/articles/002458/2013-08-15/
Vugelles-La-Mothe;dhs-002658;commune;https://hls-dhs-dss.ch/fr/articles/002658/2012-08-16/
Vuibroye;dhs-002571;ancienne commune;https://hls-dhs-dss.ch/fr/articles/002571/2017-01-05/
Vuitebœuf;dhs-002549;commune;https://hls-dhs-dss.ch/fr/articles/002549/2013-08-15/
Vulliens;dhs-002572;commune;https://hls-dhs-dss.ch/fr/articles/002572/2012-07-12/
Vullierens;dhs-002459;commune;https://hls-dhs-dss.ch/fr/articles/002459/2013-04-08/
Vully-les-Lacs;dhs-049598;commune;https://hls-dhs-dss.ch/fr/articles/049598/2019-04-03/
Yens;dhs-002460;commune;https://hls-dhs-dss.ch/fr/articles/002460/2012-10-01/
Yverdon-les-Bains;dhs-002659;commune;https://hls-dhs-dss.ch/fr/articles/002659/2019-04-03/
Yvonand;dhs-002660;commune;https://hls-dhs-dss.ch/fr/articles/002660/2019-04-03/
Yvorne;dhs-002290;commune;https://hls-dhs-dss.ch/fr/articles/002290/2013-04-22/
